{
  "calibration": false,
  "calibration_positions": [
    [100, 100, 300, 300],
    [900, 100, 1100, 300],
    [100, 400, 300, 600],
    [900, 400, 1100, 600],
    [500, 100, 700, 300],
    [500, 400, 700, 600],
    [100, 600, 300, 800],
    [900, 600, 1100, 800]
  ],
  "camera_params": {
    "fx": 750.890897164074,
    "fy": 754.0995035987871,
    "cx": 608.3178551290766,
    "cy": 397.9051054614818
  },
  "tag": {
    "size": 0.067,
    "family": "tag36h11"
  },
  "pipeline": {
    "fps_target": 30,
    "display_interval_s": 5,
    "headless": false,
    "display_frame_interval": 5
  },
  "map": {
    "scale": 100,
    "width": 800,
    "height": 600
  },
  "tag_locations": {
    "6": [3.3, 1.1],
    "9": [2.4, -0.1],
    "10": [1.25, -2.03],
    "11": [0.6, -2.9],
    "12": [1.55, 1.62],
    "13": [0, 2.3],
    "14": [-1.65, 1.55],
    "15": [-2.45, 0.3],
    "16": [1.65, 1.2],
    "17": [-1.35, -2.9]
  },
  "tag_rotations": {
    "6": 180,
    "9": 180,
    "10": 180,
    "11": 90,
    "12": -90,
    "13": -90,
    "15": 0,
    "17": 90
  },
  "networktables": {
    "server": "10.92.2.2",
    "table": "SmartDashboard",
    "pose_key": "RobotPose"
  },
  "detector": {
    "nthreads": 1,
    "quad_decimate": 1.5,
    "quad_sigma": 0.0,
    "refine_edges": 1,
    "decode_sharpening": 0.5
  },
  "controls": {
    "exposure": 0,
    "iso": 0,
    "brightness": 0,
    "contrast": 0,
    "saturation": 0,
    "sharpness": 0
  },
  "key_bindings": {
    "t": ["exposure", 1000],
    "g": ["exposure", -1000],
    "y": ["iso", 100],
    "h": ["iso", -100],
    "q": ["brightness", 1],
    "a": ["brightness", -1],
    "w": ["contrast", 1],
    "s": ["contrast", -1],
    "e": ["saturation", 1],
    "d": ["saturation", -1],
    "r": ["sharpness", 1],
    "f": ["sharpness", -1]
  }
}